submission_title,author,id,url,created_utc,body,type,score
Students Against Cancer bake sale at Sidney Smith,Dry-Communication596,1gpqkay,https://www.reddit.com/r/UofT/comments/1gpqkay/students_against_cancer_bake_sale_at_sidney_smith/,1731433510.0,Guys the homemade cookies are soooo good! Please come by! ,submission,54
Students Against Cancer bake sale at Sidney Smith,jakk_22,lws5z2d,https://www.reddit.com/r/UofT/comments/1gpqkay/students_against_cancer_bake_sale_at_sidney_smith/lws5z2d/,1731434066.0,">Students Against Cancer

Are there students for cancer?",comment,37
Students Against Cancer bake sale at Sidney Smith,crewnh,lwsh2ds,https://www.reddit.com/r/UofT/comments/1gpqkay/students_against_cancer_bake_sale_at_sidney_smith/lwsh2ds/,1731437439.0,What kind of cookies?,comment,2
Students Against Cancer bake sale at Sidney Smith,deleted,lws4kvi,https://www.reddit.com/r/UofT/comments/1gpqkay/students_against_cancer_bake_sale_at_sidney_smith/lws4kvi/,1731433639.0,[removed],comment,2
Students Against Cancer bake sale at Sidney Smith,Dry-Communication596,lws647m,https://www.reddit.com/r/UofT/comments/1gpqkay/students_against_cancer_bake_sale_at_sidney_smith/lws647m/,1731434109.0,"I hope not, come eat delicious cookies!!!!!",comment,15
Students Against Cancer bake sale at Sidney Smith,paid_shill_accout,lwsiouj,https://www.reddit.com/r/UofT/comments/1gpqkay/students_against_cancer_bake_sale_at_sidney_smith/lwsiouj/,1731437935.0,I'm pro cancer,comment,7
Students Against Cancer bake sale at Sidney Smith,Dry-Communication596,lwshgg9,https://www.reddit.com/r/UofT/comments/1gpqkay/students_against_cancer_bake_sale_at_sidney_smith/lwshgg9/,1731437559.0,"Mostly chocolate chip, there are other yummies too! Donuts, muffins, and more!",comment,4
Students Against Cancer bake sale at Sidney Smith,Dry-Communication596,lws5uak,https://www.reddit.com/r/UofT/comments/1gpqkay/students_against_cancer_bake_sale_at_sidney_smith/lws5uak/,1731434026.0,But you must be interested in eating delicious cookies!!!!!!,comment,3
Students Against Cancer bake sale at Sidney Smith,CarbonicBuckey,lwsx9tu,https://www.reddit.com/r/UofT/comments/1gpqkay/students_against_cancer_bake_sale_at_sidney_smith/lwsx9tu/,1731442406.0,The star sign right? Right???,comment,2
Students Against Cancer bake sale at Sidney Smith,crewnh,lwshp42,https://www.reddit.com/r/UofT/comments/1gpqkay/students_against_cancer_bake_sale_at_sidney_smith/lwshp42/,1731437632.0,"Oh nice, I have a gap, I'll swing by",comment,1
Students Against Cancer bake sale at Sidney Smith,paid_shill_accout,lwt54dk,https://www.reddit.com/r/UofT/comments/1gpqkay/students_against_cancer_bake_sale_at_sidney_smith/lwt54dk/,1731444826.0,https://c.tenor.com/_bTaLmoLSc4AAAAd/tenor.gif,comment,2
Students Against Cancer bake sale at Sidney Smith,Dry-Communication596,lwshsxt,https://www.reddit.com/r/UofT/comments/1gpqkay/students_against_cancer_bake_sale_at_sidney_smith/lwshsxt/,1731437665.0,Yay enjoy!,comment,2
